tradeKey,note
2026/03/11 09:10:26|買建,"Enter too soon, not even few minutes after market open.
Also cut loss a bit late."
2026/03/11 09:10:44|買建,"Enter too soon, not even few minutes after market open.
Also cut loss a bit late."
2026/03/11 09:12:06|買建,"Exit too fast, should hold it longer."
2026/03/11 09:12:57|買建,Enter a bit late. But hold it right way.
2026/03/11 09:14:11|買建,Cut loss a bit late.
2026/03/11 09:16:29|買建,Small trade. Ok.
2026/03/11 09:16:46|買建,Small trade. Ok.
2026/03/11 09:16:58|買建,Small trade. Ok.